{
  "machine" : "m4",
  "rightRotor" : {
    "type" : 7,
    "position" : 25,
    "offset" : 11
  },
  "middleRotor" : {
    "type" : 5,
    "position" : 18,
    "offset" : 4
  },
  "leftRotor" : {
    "type" : 4,
    "position" : 3,
    "offset" : 15
  },
  "plugboard" : {
    "plugs" : [ 4, 5, 12, 16, 0, 1, 6, 20, 8, 13, 10, 23, 2, 9, 14, 17, 3, 15, 25, 19, 7, 22, 21, 11, 24, 18 ]
  },
  "greekRotor" : {
    "type" : 8,
    "position" : 2,
    "offset" : 4
  },
  "thinReflector" : {
    "type" : 4
  }
}